aardvark,aadvark
aardvark,aadvarks
aardvark,aardvaark
aardvark,aarkvard
aardvark,advart
aardvark,ardvaark
aardvark,ardvark
afghanhound,afghans
airdaleterrier,airedaleterrier
airedaleterrier,airdale
airedaleterrier,airdales
airedaleterrier,airedale
albatross,albatros
albatross,albatrosse
alligator,alagartor
alligator,alagator
alligator,alagators
alligator,alegator
alligator,alegators
alligator,aligater
alligator,aligator
alligator,aligators
alligator,aligattor
alligator,allegator
alligator,allgator
alligator,alliagot
alligator,alliagtor
alligator,alliagtors
alligator,alligaotr
alligator,alligaror
alligator,alligatar
alligator,alligater
alligator,alligato
alligator,alligators
alligator,alliigator
alligator,gator
alligator,gators
alligator,zlligator
alpaca,alpacas
alpaca,alpacca
alpaca,alpacha
alpaca,alpacka
alpaca,alpackas
alpaca,alpakas
alpaca,aplaca
alpaca,elpaca
alpaca,elpaka
anaconda,anacanda
anaconda,anacondas
anaconda,anoconda
anchovy,anchovie
anemone,anenomie
anemone,seaanemene
anemone,seaanemones
anemone,seaanenome
anemone,seanemone
angelfish,angelfishes
angelfish,anglefish
anglerfish,angler
anglerfish,anglerfishes
anglerfish,anglerfishs
anglerfish,antler
ant,an
ant,and
ant,andts
ant,ants
ant,antt
ant,any
anteater,anteat
anteater,anteaters
anteater,anteather
anteater,anteatter
anteater,anterater
anteater,anteter
anteater,antwater
anteater,anyeater
antelope,analope
antelope,anetelope
antelope,antalope
antelope,antalopes
antelope,antaloupe
antelope,antellope
antelope,antellopes
antelope,antelop
antelope,antelopes
antelope,anteloph
antelope,antelopre
antelope,antilope
antelope,antlope
antelope,atelope
antelope,cantalope
antelope,cantaloupe
apatosaurus,apathosaurusajax
ape,age
ape,ap
ape,apes
ape,apr
aplysia,seaslugaplysia
arcticfox,snowfox
armadillo,admaridllo
armadillo,ardmillo
armadillo,armadilllo
armadillo,armadillos
armadillo,armadilo
armadillo,armadilos
armadillo,armdilla
armadillo,armiadillo
armadillo,armidillo
armadillo,rmadillo
ascidians,seasquirt
auk,awk
baboon,babboon
baboon,baboo
baboon,baboob
baboon,baboom
baboon,baboons
baboon,bamboon
badger,badge
badger,badgers
badger,bager
badger,bandger
badger,bedger
bananaslug,bananaslugs
bananaslug,bananslug
barracuda,baracuda
barracuda,barricuda
bass,bash
bass,rockbass
bassethound,basethounds
bassethound,bassethounds
bat,bats
beagle,beale
bear,bears
bear,beer
bear,ber
bear,berar
bear,near
bear,vear
beardeddragon,beadeddragon
beardeddragon,beardeddragons
beardeddragon,sbeardeddragon
beaver,beavers
beaver,beavrr
beaver,bever
bee,bees
bee,ber
bee,bumblebee
beetle,beatle
beetle,beatles
beetle,beete
beetle,beetles
beetle,bettle
beluga,baloogawhale
beluga,baluga
beluga,balugawhale
beluga,beluga whale
beluga,belugawhale
beluga,boluga
beluga,bolugawhale
beluga,whitewhate
bengaltiger,bangel
bengaltiger,begaltiger
bengaltiger,bengal
bengaltiger,bengalitiger
bengaltiger,bengel
bernesemountaindog,burmesemountaindog
bettafish,beta
bettafish,betafish
bettafish,betafishes
bettafish,betafishs
bettafish,betta
bettafish,bettafishes
bettafish,betttafish
bighorn,bighornsheep
bilbie,bilbies
bilbies,bilby
binturong,bearcat
binturong,binterrung
binturong,binterung
bird,bid
bird,birb
bird,birdf
bird,birds
bird,pajaro
bird,redbird
bison,[bison
bison,bizon
black-cappedchickadee,black-cappedchickodee
black-cappedchickadee,blackcappedchickodee
blackbear,blackbeare
blackbear,blackbears
blackbear,blackbeat
blackwidow,blackwidowspider
blobfish,blobfishes
blobfish,blubberfish
bluebird,bluebirds
bluegill,bluegil
blueheron,blueherons
blueheron,greatblueheron
bluejay,bluebay
bluejay,bluejar
bluejay,bluejar 
bluejay,bluejays
blueshark,bluesharks
boaconstrictor,boa
boaconstrictor,boaconstricter
boar,board
boar,bore
boar,goar
boar,wildboar
boar,wildboard
boar,wildbog
boar,wildbore
bobcat,babcat
bobcat,bobacat
bobcat,bobat
bobcat,bobcats
bobcat,boobcat
bonobo,banobo
bonobo,bonnobo
bonobo,bonobos
bonobo,boonobo
booby,book
boxer,boxers
boxturtle,easternboxturtle
brownbear,brownbair
brownreclusespider,brownrecluse
brownreclusespider,reclusespider
buffalo,baffalo
buffalo,baffulo
buffalo,buaffalo
buffalo,bufallo
buffalo,bufalo
buffalo,buffallo
buffalo,buffalos
buffalo,buffilo
buffalo,bufflalo
bug,abug
bug,big
bug,bugs
bull,bul
bull,bulll
bulldog,bulldogs
bullmastiff,brownmastief
bulls,bullo
bullsnake,bullsnakes
bumblebee,bubblebee
bumblebee,bumblebees
bunny,bunnies
bunny,bunnnies
bunny,bunnt
bunny,bunnyrabbit
bunting,whiting
butterfly,abutterfly
butterfly,bufferfly
butterfly,butterfl
butterfly,butterflies
butterfly,butterflys
butterfly,butterfuly
butterfly,butterly
caiman,caimen
caiman,cayman
caiman,kamen
calf,calfe
calf,calves
calf,walf
camel,camal
camel,cambel
camel,came
camel,camellllllll
camel,camels
camel,cameo
camel,camle
camel,cammel
camel,cmel
canary,canaries
canary,cancary
capuchin,capuchinmonkey
capuchin,capuchins
capuchin,caputchin
capybara,cabibara
capybara,capabara
capybara,capabayra
capybara,capabera
capybara,capaberra
capybara,capibara
capybara,capibarra
capybara,cappebara
capybara,cappubarra
capybara,capybaras
capybara,capybarra
capybara,capybera
caracal,carical
cardinal,caracal
cardinal,cardianl
cardinal,cardinals
caribou,carabao
caribou,caraboo
caribou,carabou
caribou,carabous
caribou,cariboo
caribou,cariboos
caribou,caribu
caribou,caribus
caribou,carrabou
carp,carb
carp,crap
carpenterant,carpenterants
cat,ca
cat,caat
cat,car
cat,cate
cat,catg
cat,cats
cat,ct
cat,domesticatedcat
cat,housecat
cat,householdcat
cat,kat
cat,kitty
cat,pussycat
cat,tuxedocat
caterpillar,catapillar
caterpillar,catapiller
caterpillar,catarpillar
caterpillar,catarpillars
caterpillar,catepillar
caterpillar,caterpilar
caterpillar,caterpillars
caterpillar,caterpiller
caterpillar,catipillars
caterpillar,cattapillar
caterpillar,catterpilar
caterpillar,catterpillar
caterpillar,cattipillar
cavalierkingcharlesspaniel,kingcharlescavalierspaniels
centipede,centapeed
centipede,centapeeds
centipede,centepede
centipede,centepedes
centipede,centpede
chameleon,chamelion
chameleon,chameloen
chameleon,chamelon
chameleon,chamileon
cheetah,cheata
cheetah,cheerta
cheetah,cheeta
cheetah,cheetach
cheetah,cheetag
cheetah,cheetagh
cheetah,cheetahs
cheetah,cheetha
cheetah,cheethah
cheetah,cheethas
cheetah,chetah
cheetah,chetta
chick,chi
chick,chicks
chick,cjimp
chickadee,chickadees
chickadee,chickedee
chicken,chicen
chicken,chicke
chicken,chickebn
chicken,chickens
chicken,chikcen
chicken,chikcens
chicken,chiken
chicken,cjivken
chicken,cricken
chicken,hiken
chihuahua,chichuaua
chihuahua,chichuauas
chihuahua,chihuaha
chihuahua,chihuahuah
chihuahua,chihuahuas
chihuahua,chiuaua
chihuahua,chiuauas
chihuahua,chiuchua
chihuahua,chiuchuas
chimpanzee,chimanzee
chimpanzee,chimapanzee
chimpanzee,chimp
chimpanzee,chimpa
chimpanzee,chimpakness
chimpanzee,chimpansee
chimpanzee,chimpanze
chimpanzee,chimpanzeed
chimpanzee,chimpanzeee
chimpanzee,chimpanzees
chimpanzee,chimpanzes
chimpanzee,chimpanziwe
chimpanzee,chimpazee
chimpanzee,chimpnazee
chimpanzee,chimps
chimpanzee,chipanzee
chimpanzee,panzee
chinchilla,chinchila
chinchilla,chincilla
chinchilla,chionchilla
chinchilla,cinchilla
chipmunk,ardilla
chipmunk,chikmonk
chipmunk,chimmunk
chipmunk,chimpmunk
chipmunk,chimponk
chipmunk,chimpumk
chipmunk,chimpumks
chipmunk,chimpunk
chipmunk,chipmonk
chipmunk,chipmonks
chipmunk,chipmuck
chipmunk,chipmucks
chipmunk,chipmuk
chipmunk,chipmun
chipmunk,chipmunck
chipmunk,chipmunjk
chipmunk,chipmunks
chipmunk,chipmunl
chipmunk,chupmonk
chipmunk,cipmonk
chipmunk,cipmonks
chipmunk,cipmunm
civet,civets
clam,clams
clam,giantclam
coati,koati
coatimundi,cotimundi
cobra,cobia
cobra,cobr
cobra,cobras
cockatiel,cocateel
cockatiel,cockateel
cockatiel,cockateil
cockatoo,cocatoo
cockroach,cochroach
cockroach,cockroaches
cockroach,roach
cockroach,roachbug
cockroach,roaches
cockroach,rouch
cod,cods
cod,god
cod,nod
cod,tod
coelacanth,ceolacanth
collie,collies
conch,conk
condor,goldencondor
copperheadsnake,copperhead
coral,corral
coralreefsnake,seasnake
corgi,corgii
corgi,corgis
corgi,welshcorgi
cornishgamehen,cornishhen
cornsnake,cornsnakes
cottontailrabbit,cottontail
cougar,couager
cougar,cougars
cougar,cougat
cougar,couger
cow,cattke
cow,cattle
cow,co
cow,coe
cow,coq
cow,cos
cow,cown
cow,cows
cow,cw
coyote,cayote
coyote,cotote
coyote,coty
coyote,coyoe
coyote,coyota
coyote,coyotee
coyote,coyotes
coyote,coyoto
coyote,coyotr
coyote,coyotte
coyote,coytoe
coyote,coyty
coyote,cpyote
coyote,cyote
coyote,cyotee
coyote,cyotes
coyote,koyote
coypu,riverrat
crab,crabs
crab,cracb
crawfish,crawdad
crayfish,xrayfish
cricket,crickets
crocodile,
crocodile,corcodile
crocodile,croc
crocodile,crocadile
crocodile,crocadiles
crocodile,croccodile
crocodile,croccodiles
crocodile,crocdile
crocodile,crocidile
crocodile,crocidilla
crocodile,crocidlies
crocodile,crock
crocodile,crockadile
crocodile,crockadiles
crocodile,crocodia
crocodile,crocodial
crocodile,crocodials
crocodile,crocodias
crocodile,crocodiel
crocodile,crocodila
crocodile,crocodiles
crocodile,crocodille
crocodile,crocodiloe
crocodile,crocoldile
crocodile,crododile
crow,crows
cub,cubs
dachshund,dachsund
daddylonglegs,daddylongleg
dalmatian,dalmation
damselfish,damselfishes
damselfish,damselfishs
deer,beer
deer,dear
deer,dee
deer,deef
deer,deek
deer,deerr
deer,deet
deer,der
deer,derr
deer,eer
degu,tegu
dingo,dingodog
dinosaur,dianosor
dinosaur,dinasoar
dinosaur,dinasuar
dinosaur,dinoars
dinosaur,dinoaur
dinosaur,dinosar
dinosaur,dinosaurs
dinosaur,dinosour
dobermanpinscher,doberman
dobermanpinscher,dobermanpincher
dodo,dodobird
dog,bigdog
dog,dig
dog,do
dog,dob
dog,dof
dog,dogc
dog,dogd
dog,doggo
dog,dogs
dog,doh
dog,doig
dog,dolg
dog,doog
dog,doogs
dog,fog
dog,gog
dog,sog
dolphin,dolfand
dolphin,dolfin
dolphin,dolhin
dolphin,dolhpin
dolphin,dollphin
dolphin,dolpgin
dolphin,dolpgine
dolphin,dolphan
dolphin,dolphic
dolphin,dolphine
dolphin,dolphines
dolphin,dolphins
dolphin,dolphn
dolphin,dolphns
dolphin,dolphon
dolphin,dolphone
dolphin,dolphones
dolphin,dolpih
dolphin,dolpin
dolphin,dophin
dolphin,dophine
dolphin,dophins
dolphin,doplhin
dolphin,dorfin
dolphin,dphin
dolphin,solphin
donkey,burro
donkey,dokey
donkey,donke
donkey,donkeys
donkey,donkies
donkey,donky
donkey,dunkey
donkey,jackass
donkey,wildass
dormouse,doormous
dormouse,doormouse
double-crestedcormorant,doublecrestedcommorant
dove,doves
dragon,dragons
dromedary,dramadary
dromedary,dramaderie
dromedary,dromdry
duck,dick
duck,duch
duck,ducks
duck,duk
duck,dunk
duck,fuck
duck,pato
dungbeetle,dungebeetle
eagle,eagel
eagle,eagl
eagle,eagles
eagle,eatle
eagle,egale
eagle,egales
earthworm,earthworms
echidna,echidnas
echidna,echindna
echidna,encidna
eel,eels
eel,teel
egret,grit
elephant,africanelephant
elephant,asianelephant
elephant,ee[hant
elephant,eelpwhant
elephant,eephant
elephant,elaphant
elephant,eleaphant
elephant,elefant
elephant,elehant
elephant,elepant
elephant,elephamt
elephant,elephan
elephant,elephang
elephant,elephanit
elephant,elephants
elephant,elephany
elephant,elephat
elephant,elephatn
elephant,elephnat
elephant,elepohant
elephant,elphant
elephant,elphants
elk,el
elk,elki
elk,elkk
emu,emus
emu,enu
emu,imu
emu,remus
ermine,ermin
falcon,facon
falcon,falcoln
falcon,falcom
falcon,falcons
falcon,flacon
feline,feeline
fennecfox,fennec
ferret,cerret
ferret,farret
ferret,farrets
ferret,farrett
ferret,farrette
ferret,feeret
ferret,feret
ferret,ferrat
ferret,ferrats
ferret,ferret/furret
ferret,ferrets
ferret,ferrett
ferret,ferrit
ferret,ferrite
ferret,ferrits
ferret,ferrrett
ferret,furret
ferret,pharret
ferret,pharrets
finch,fench
finch,finches
finch,finsh
fireant,fireants
firefly,fireflies
fish,f5sh
fish,fidh
fish,fishes
fish,fisk
fish,fissh
fish,fush
fish,ish
fisher,fischercat
fisher,fishercat
flamingo,domingo
flamingo,falmingo
flamingo,falmingos
flamingo,flamingoi
flamingo,flamingos
flamingo,flammingo
flamingo,flamnigo
flamingo,flamningo
flea,fle
flea,fleas
fly,flhy
fly,flies
fly,fy
fly,moscas
flyingfish,flyfish
flyingsquirrel,flyingsquirel
fossa,fosa
foureyebutterflyfish,foureyebutterflyfishes
foureyebutterflyfish,foureyedbutterflyfish
fowl,foul
fowl,wofl
fox,fix
fox,fo
fox,fosx
fox,fosxes
fox,fosxs
fox,foxes
fox,foz
fox,fozx
fox,fozxes
fox,fozxs
fox,fpx
frenchbulldog,frenchbulldogs
frenchbulldog,frenchie
frog,forg
frog,frof
frog,frogs
frog,from
frog,frong
frog,fror
gardensnake,gardinersnake
gazelle,gaselle
gazelle,gazel
gazelle,gazell
gazelle,gazella
gazelle,gazelles
gazelle,gazzell
gazelle,gazzelle
gazelle,gezzele
gazelle,gisselle
gazelle,gizelle
gecko,gecco
gecko,geco
gecko,gecos
gecko,geeko
gecko,geicko
gecko,geico
gecko,gekko
gecko,gekkos
gecko,geko
gecko,gekos
gecko,giecco
gecko,gieco
gerbil,gerbal
gerbil,gerbel
gerbil,gerber
gerbil,gerbi
gerbil,gerbile
gerbil,gerbill
gerbil,gerbils
gerbil,gerbit
gerbil,gerbits
gerbil,gerble
gerbil,gerbles
gerbil,geribl
gerbil,girbil
gerbil,girble
gerbil,jerbul
germanshepherd,germansheapard
germanshepherd,germansheapards
germanshepherd,germansheard
germanshepherd,germanshepard
germanshepherd,germanshepards
germanshepherd,germansheperd
germanshepherd,germansheperdd
germanshepherd,germansheperds
germanshepherd,germanshephard
germanshepherd,germansheppard
gilamonster,gilamonsters
gilamonster,gillamonster
gilamonster,gillamonsters
gilamonster,gillmonster
gilamonster,guillamonster
gilamonster,villamonster
giraffe,firaffe
giraffe,firagee
giraffe,garaffi
giraffe,garafii
giraffe,garrafe
giraffe,garriff
giraffe,giarffe
giraffe,giraf
giraffe,girafe
giraffe,girafee
giraffe,giraff
giraffe,giraffee
giraffe,giraffees
giraffe,giraffes
giraffe,girafffe
giraffe,giraffie
giraffe,giraft
giraffe,giragge
giraffe,girarfee
giraffe,girffe
giraffe,girrafe
giraffe,girrafee
giraffe,girrafes
giraffe,girraff
giraffe,girraffe
giraffe,giuraffe
giraffe,guiaffes
giraffe,irafe
gnat,knats
gnat,nat
goat,ggoat
goat,ggoats
goat,goa
goat,goats
goat,kidgoat
goat,toat
goby,gobi
goldendoodle,goldendoodl
goldendoodle,goldendoodles
goldendoodle,goldendoodls
goldenretriever,goldenretreiver
goldfish,godlfish
goldfish,goldfishes
goldfish,goldfishs
goose,geese
goose,ghoose
goose,goode
goose,gooose
goose,goos
goose,gooser
goose,goosr
goose,gppse
gopher,gofer
gopher,goper
gopher,gophers
gopher,gpher
gorilla,garrila
gorilla,gorialla
gorilla,goriila
gorilla,gorila
gorilla,gorill
gorilla,gorillas
gorilla,gorillla
gorilla,gorillllla
gorilla,gorrila
gorilla,gorrilla
gorilla,gorrillas
gorilla,grila
gorilla,guerilla
gorilla,guerrila
gorilla,guerrilla
gorilla,guerrillaa
gorilla,guerrillas
grackle,gackle
grasshopper,grashopper
grasshopper,grasshoper
grasshopper,grasshoppers
grasssnake,grasssnakes
graywhale,graywhales
graywhale,greywhale
graywhale,greywhales
graywolf,greywolf
greatpyrenees,greatpyrennes
greatwhiteshark,whiteshakr
greyhound,grayhound
greysquirrel,greysquirrels
grizzly bear,grizleybear
grizzlybear,grizley
grizzlybear,grizleybear
grizzlybear,grizzlebear
grizzlybear,grizzleybear
grizzlybear,grizzly
grizzlybear,grizzlybears
grizzlybear,grizzlybeat
groundhog,groundhig
groundhog,groundhod
groundhog,groundhogs
groundhog,groundhot
groundhog,grounghod
groundhog,grounghog
groundhog,grounhog
groundsquirrel,thirteenstripegroundsquirrel
grouper,gohper
guineafowl,guineahens
guineapig,geniepig
guineapig,geniepigs
guineapig,gineapig
guineapig,gineaupig
guineapig,gineaupigs
guineapig,ginueapig
guineapig,ginueapigs
guineapig,ginuepig
guineapig,guianapig
guineapig,guianapigs
guineapig,guidepig
guineapig,guienepig
guineapig,guinapig
guineapig,guinapigs
guineapig,guinea
guineapig,guineahen
guineapig,guineapea
guineapig,guineapid
guineapig,guineapif
guineapig,guineapigs
guineapig,guinepig
guineapig,guiniepig
guineapig,guinipig
guineapig,guinneapig
guineapig,guinneapigs
guineapig,guinniepig
guineapig,gukneapig
guineapig,guneapig
guineapig,gunieapig
guineapig,gunieapigs
guineapig,guniepig
guineapig,gunniepig
guppy,guppie
halibut,halibuts
hammerheadshark,hammerhead
hammerheadshark,hammerheadwhale
hamster,hamatet
hamster,hambster
hamster,hampster
hamster,hamser
hamster,hamsterr
hamster,hamsters
hamster,hamstr
hamster,hamsyer
hawk,haek
hawk,hawks
hawk,hawl
hedgehog,headchog
hedgehog,headgehog
hedgehog,hedgehod
hedgehog,hedgehoge
hedgehog,hedgehogs
hedgehog,hedghog
hedgehog,hegehog
hen,henc
hen,hens
hermitcrab,hermetbrab
hermitcrab,hermitcrabs
heron,heroin
heron,herron
hippopotamus,hipo
hippopotamus,hipopotamus
hippopotamus,hipopotimus
hippopotamus,hipp
hippopotamus,hipp[
hippopotamus,hippipolimus
hippopotamus,hippipolomus
hippopotamus,hippipolum
hippopotamus,hippo
hippopotamus,hippol
hippopotamus,hippopantamuses
hippopotamus,hippopatamis
hippopotamus,hippopatamus
hippopotamus,hippopatomaus
hippopotamus,hippopatomus
hippopotamus,hippopatumus
hippopotamus,hippopatus
hippopotamus,hippopotamos
hippopotamus,hippopotamous
hippopotamus,hippopotatmus
hippopotamus,hippopotaums
hippopotamus,hippopotomos
hippopotamus,hippopotomous
hippopotamus,hippopotomus
hippopotamus,hippopottamus
hippopotamus,hippopotumus
hippopotamus,hippoptamus
hippopotamus,hippos
hippopotamus,hippotamus
hippopotamus,hippotumus
hippopotamus,hypopothemus
hog,hogg
hog,razorback
honeybadger,honeybadgers
hornedtoad,hornytoad
horse,filly
horse,forse
horse,gorse
horse,hirse
horse,hoarse
horse,hoirse
horse,hores
horse,hors
horse,horsee
horse,horses
horse,hose
horse,hosr
horse,hourse
horse,house
horse-fly,horse-fly
horse-fly,horsefly
horseshoecrab,horshoecrab
hound,hounddog
howlermonkey,hillarymonkey
howlermonkey,howler
howlermonkey,howlermonkeys
howlermonkey,howlingmonkey
howlermonkey,howlingmonkeys
human,girl
human,homosapien
human,homosapiens
human,humanbeing
human,humans
human,man
human,people
human,person
human,woman
hummingbird,himmingbird
hummingbird,hummingbid
hummingbird,hummingbirds
hummingbird,hummingird
hummingbird,hummungbird
humunukuapua,humunukuapuaa
husky,huiskie
husky,huiskies
husky,huskie
husky,huskies
husky,huskys
hydrax,hyrax
hyena,hayena
hyena,henna
hyena,hiena
hyena,hiene
hyena,hieyna
hyena,hiyeena
hyena,hiyena
hyena,hyaena
hyena,hyeana
hyena,hyeena
hyena,hyeenas
hyena,hyen
hyena,hyenaa
hyena,hyenae
hyena,hyenas
hyena,hyene
hyena,hyenea
hyena,hyeneas
hyena,hyenia
hyena,hyenna
hyena,hynea
ibex,abex
ibex,ibix
ibex,libex
iguana,igauna
iguana,iguanas
iguana,iquana
insect,insects
jack,jaxk
jackal,jacka
jackal,jackall
jackal,jackalope
jackal,jackals
jackal,jackel
jackal,jackle
jackal,jackyl
jackal,jckel
jackal,mackrle
jackass,jackasses
jaguar,haguar
jaguar,jafuar
jaguar,jag
jaguar,jagauar
jaguar,jagauars
jaguar,jagguar
jaguar,jaguars
jaguar,jagur
jaguar,jaquar
jay,gay
jay,jaybird
jellyfish,hellyfish
kangaroo,jangaroo
kangaroo,joey
kangaroo,kabgaroo
kangaroo,kagaroo
kangaroo,kanagaroo
kangaroo,kanagaroos
kangaroo,kanagroo
kangaroo,kangaroos
kangaroo,kangaroot
kangaroo,kangarroo
kangaroo,kangaru
kangaroo,kangeroo
kangaroo,kangeroos
kangaroo,kanggaroos
kangaroo,kangroo
kangaroo,kenguru
kangaroo,kngaroo
killerwhale,killerweal
killerwhale,killerwhales
kingcobra,kingkobra
kinkajou,kinkajoo
kitten,kittens
kitten,kittycat
kiwi,kiwibird
koala,cowallabear
koala,kaola
koala,kiala
koala,kiola
koala,koal
koala,koalabear
koala,koalas
koala,kolabear
koala,kooala
koala,kowalah
koala,kuala
kodiak,kodiakbear
koi,coi
koi,koifish
koi,kois
koi,nishikigoi
komododragon,kamododragon
komododragon,kamono
komododragon,kimododragon
komododragon,komodo
komododragon,komododragan
komododragon,komododragons
komododragon,komodragom
komododragon,komodragon
komododragon,komonodragon
komododragon,komotodragon
komododragon,kumotodragon
komododragon,kumotodragons
kookaburra,koocabura
kookaburra,kookabura
krill,krills
labradorretriever,lab
labradorretriever,labador
labradorretriever,labrador
labradorretriever,labradors
labradorretriever,labs
labradorretriever,yellowlab
ladybug,ladtbug
ladybug,ladybird
ladybug,ladybugs
lamb,lam
lamb,lambs
lamb,lamp
lamprey,lampray
largemouthbass,largemouthbasses
leech,leach
leech,leeches
lemming,lemmings
lemur,leamur
lemur,leemer
lemur,leemur
lemur,lema
lemur,lemar
lemur,lemmer
lemur,lemor
lemur,lemu
lemur,lemure
lemur,lemurs
lemur,lemux
lemur,remur
leopard,leaopard
leopard,leapard
leopard,leapherd
leopard,leapord
leopard,leopar
leopard,leopards
leopard,leopord
leopard,lepard
leopard,lepards
leopard,lepoard
leopard,lepord
leopard,lepords
leopard,leppard
leopard,lerpard
leopard,lipord
leopard,loeopard
leopard,loepard
leopard,lopear
leopardseal,leapardseal
leopardseal,leapardseals
leopardseal,leopardseals
lhasaapso,lasaapsa
liger,ligar
liger,lyger
lion,junglelions
lion,liion
lion,lino
lion,lio
lion,liom
lion,liomn
lion,lionj
lion,lionon
lion,lions
lion,loin
lion,loins
lion,tigon
lizard,lizards
lizard,lizrd
lizard,lizzard
lizard,llizard
lizard,llzard
llama,lama
llama,lamma
llama,llam
llama,llamas
llama,llamma
llama,llhamas
lobster,lobsters
lobster,loster
locust,locusts
longhorn,longhornbull
loris,lorris
louse,lice
lovebird,lovebirds
lovebird,lovebug
lynx,:ynx
lynx,linx
lynx,lynz
macaque,macacque
macaque,macaques
macaw,macah
macaw,mackaw
macaw,spixsmacaw
mackerel,mackeral
madagascarhissingcockroach,hissingcockroach
mahimahi,mahi
malamute,malmute
maltese,malteses
manatee,manate
manatee,manatees
manatee,manatie
manatee,manetee
manatee,manitee
manatee,mannatee
manatee,mantee
mandrill,mandral
mantaray,manta
mantaray,mataray
mantis,prayingmantis
mantis,prayingmantus
mantis,preymantis
marlin,bluemarlin
marlin,martin
marmoset,marmasett
marmot,armot
marmot,marmont
meerkat,mearcats
meerkat,mearkat
meerkat,mearkats
meerkat,meekat
meerkat,meercar
meerkat,meercat
meerkat,meercats
meerkat,meerkats
meerkat,meerkcat
meerkat,meerket
meerkat,mercat
meerkat,merecat
meerkat,merecats
meerkat,merekat
meerkat,merkat
midge,madge
millipede,milipede
millipede,millipedes
mink,minx
mink,mix
minnow,minnowfish
minnow,minnows
minnow,mino
minnow,minow
mite,dustmite
moccasin,watermoccasin
moccasin,watermoccosan
mockingbird,mockingjay
mole,moles
mole,nole
monarchbutterfly,monarch
mongoose,mangoose
mongoose,mongoos
mongoose,mongooses
mongoose,moongoose
mongoose,moongose
monitor,monitorlizard
monitor,savannahmonitor
monkey,maonkey
monkey,mlonkey
monkey,mnokey
monkey,mokey
monkey,moneky
monkey,money
monkey,moneys
monkey,monke
monkey,monkee
monkey,monkeyh
monkey,monkeys
monkey,monkeyy
monkey,monky
monkey,onkey
moose,moos
moose,moosde
moose,mooses
moose,moost
morayeel,moreyeel
mosquito,mequito
mosquito,mesquito
mosquito,misquito
mosquito,misquitos
mosquito,mosqito
mosquito,mosquiti
mosquito,mosquitos
mosquito,mostquito
moth,lunamoth
moth,moths
mountaingoat,mountangoat
mountainlion,mountailion
mountainlion,mountaincat
mountainlion,mountainlions
mountainlion,mountionlion
mountainlion,moutainlion
mountainsheep,mountansheep
mouse,fieldmouse
mouse,house
mouse,mice
mouse,mois
mouse,moouse
mouse,mous
mouse,mousr
mule,muel
mule,mules
mule,mull
muskox,muskee
muskrat,muscrat
muskrat,muscrats
muskrat,muskrats
muskrat,mustrat
mussel,muscle
mussel,mussell
mussel,mussels
mussel,mussle
myna,mynabird
myna,mynx
nakedmolerat,molerat
narwhal,narwahl
narwhal,narwhale
narwhal,narwhol
narwhal,norwal
narwhal,norwhal
neanderthal,neandertal
northernpike,northernpikee
northernpike,northernpikes
nuthatch,nuthatcher
nutria,neutrea
nutria,nutrarat
nutria,nutrea
nutria,nutriaanimal
ocelot,oceleot
ocelot,ocelet
ocelot,ocelots
ocelot,ocerlot
ocelot,oscilot
ocelot,osolot
octopus,ocopus
octopus,ocotopus
octopus,octapus
octopus,octapuss
octopus,octopi
octopus,octopous
octopus,octopuc
octopus,octopuses
octopus,octopuss
octopus,octopuus
octopus,octpus
octopus,octupus
octopus,octupuses
okapi,akapi
okapi,orapi
opossum,opossume
opossum,opossums
opossum,oposum
opossum,oppasum
opossum,opposim
opossum,oppossum
opossum,oppossums
opossum,opposum
opossum,oppussum
orangutan,grangutan
orangutan,oragatan
orangutan,oraguntan
orangutan,oragutan
orangutan,oranatan
orangutan,oranatang
orangutan,orangantan
orangutan,orangatain
orangutan,orangatan
orangutan,orangatang
orangutan,orangataun
orangutan,orangatuan
orangutan,orangatun
orangutan,orangeoutang
orangutan,orangotang
orangutan,orangoutang
orangutan,oranguatan
orangutan,oranguatn
orangutan,oranguntan
orangutan,oranguta
orangutan,orangutang
orangutan,orangutauang
orangutan,orangutuan
orangutan,orantagan
orangutan,orantutang
orangutan,organgutan
orangutan,organgutang
orangutan,organgutuan
orangutan,organutan
orangutan,urangutan
orangutan,urangutans
orangutan,uranguttan
orca,orcawhale
orca,orka
osprey,ospreys
osprey,seahakw
osprey,seahakws
osprey,seahawk
ostrich,austrich
ostrich,osritch
ostrich,osterich
ostrich,ostirich
ostrich,ostrach
ostrich,ostrachs
ostrich,ostrage
ostrich,ostretch
ostrich,ostriche
ostrich,ostriches
ostrich,ostrichh
ostrich,ostrichs
ostrich,ostrichw
ostrich,ostrict
ostrich,ostrictch
ostrich,ostrictches
ostrich,ostridge
ostrich,ostrige
ostrich,ostrisch
ostrich,ostritch
ostrich,ostritchs
ostrich,otrich
otter,oters
otter,otte
otter,otters
otter,ottor
otter,ottors
otter,seaotter
otter,seaotters
owl,owil
owl,owkl
owl,owkls
owl,owls
ox,gox
ox,oxen
oxen,ocen
oxen,ocxen
oxen,oxxen
oyster,oyste
oyster,oysters
panda,*anda
panda,pand
panda,pandaa
panda,pandabear
panda,pandabears
panda,pandas
panda,pander
panther,blackpanthers
panther,oanther
panther,pantehr
panther,panter
panther,panthar
panther,panthers
panther,pather
panther,pnather
parakeet,markeet
parakeet,parakeets
parakeet,parrakeet
parakeet,parrokeet
parrot,arrot
parrot,budgieparrot
parrot,farrot
parrot,paroot
parrot,parot
parrot,parratos
parrot,parret
parrot,parrots
parrot,parrott
parrot,parrotts
parrot,perret
parrot,perrot
peacock,peacocks
peacock,peakcock
peacock,peaock
peacock,pecock
peacock,pecocks
peacock,peecock
peacock,peecocks
peacock,peecok
peacock,peocock
peccary,havelina
peccary,javalina
peccary,javelina
pelican,pelecan
pelican,pelicans
pelican,peligan
pelican,pellican
pelican,pelocan
penguin,enguine
penguin,peguin
penguin,pengin
penguin,pengine
penguin,pengines
penguin,pengions
penguin,pengiun
penguin,pengiuns
penguin,penguine
penguin,penguines
penguin,penguinn
penguin,penguins
penguin,pengunin
penguin,pengunine
penguin,pengunines
penguin,pengunins
penguin,penquin
penguin,penuin
penguin,pingue
penguin,pinguin
penguin,pinguins
peregrine,peregrinefalcon
persian,persiancat
pheasant,feasant
pheasant,feasent
pheasant,phasant
pheasant,pheasants
pheasant,pheasent
pheasant,phesant
pig,hog
pig,hogs
pig,pg
pig,pib
pig,pic
pig,pigs
pig,pigw
pig,pin
pig,pork
pig,swine
pigeon,igeon
pigeon,passengerpigeon
pigeon,pidgeon
pigeon,pidgeons
pigeon,piegan
pigeon,piegeon
pigeon,piegeons
pigeon,piegon
pigeon,pigeons
pigeon,pigieon
pigeon,pigon
pigeon,rockdove
piglet,piglets
piranha,parana
piranha,perrana
piranha,perranas
piranha,phirana
piranha,pirahna
piranha,pirana
piranha,piranah
piranha,piranna
piranha,pirhana
piranha,pirhanna
piranha,pirrana
piranha,pirranha
piranha,prannah
piranha,purana
piranha,puranas
pitbull,pittbull
platypus,duckbilledplatypus
platypus,duckbillplatypus
platypus,platapus
platypus,platapuss
platypus,platipus
platypus,platopus
platypus,platpus
platypus,platypu
platypus,platypuss
platypus,platyput
platypus,playapus
platypus,playtpus
platypus,playtypus
polarbear,ploarbear
polarbear,ploarbeat=r
polarbear,polabear
polarbear,polar
polarbear,polarbar
polarbear,polarbea
polarbear,polarbears
polarbear,polarber
polarbear,polarebar
polarbear,polarebars
polarbear,polarebear
polarbear,polarebears
polarbear,poplarbear
pomeranian,pomerania
pony,ponies
poodle,poddle
poodle,poddles
poodle,poodles
porcupine,porccupine
porcupine,porccupines
porcupine,porccuupine
porcupine,porcipine
porcupine,porcipune
porcupine,porcucpine
porcupine,porcupin
porcupine,porcupines
porcupine,porcupins
porcupine,porquipine
porcupine,porquipines
porcupine,porqupine
porcupine,porqupines
porcupine,porupine
porcupine,procupine
porcupine,purcupine
porpoise,porpoises
porpoise,porpous
porpoise,porpouse
porpoise,porpus
porpoise,porpys
porpoise,porpyses
porpoise,purpose
portuguesewaterdog,waterdog
possum,popussum
possum,possium
possum,possom
possum,possoum
possum,possums
possum,possuns
possum,possuum
potbelliedpig,potbellypig
prairiechicken,prairiechickens
prairiedog,parriedog
prairiedog,praeriedog
prairiedog,prairedog
prairiedog,prairiedog!
prairiedog,prairiedogs
prairiedog,prairirdog
prairiedog,prariedog
prawn,prawns
prayingmantis,paryingmantis
prayingmantis,preyingmantis
ptarmigan,tarmigan
pteordactyl,pterodactyl
pteordactyl,teradactil
pteordactyl,teradactyl
pteordactyl,teradactyle
pufferfish,pufferfishes
puffin,puffins
puffin,puffle
puffin,pufin
puma,huma
puma,pumas
puma,puna
puppy,puppies
puppy,puppt
pygmygoat,miniaturegoat
pygmymarmoset,pigmymarmasot
python,ballpython
python,pythons
quail,quaill
quail,qual
quail,quial
quail,squrill
quetzal,quetzel
rabbit,bunnyrabbit
rabbit,conejo
rabbit,eabbit
rabbit,nnnnrabbit
rabbit,rabbbit
rabbit,rabbi
rabbit,rabbits
rabbit,rabbitss
rabbit,rabbitt
rabbit,rabiit
rabbit,rabit
rabbit,rabitt
rabbit,raddit
rabbit,raddits
raccoon,raccon
raccoon,raccoom
raccoon,raccoons
raccoon,racon
raccoon,racoon
raccoon,racoons
raccoon,racooon
raccoon,recoon
raccoon,riccoon
ram,ra
ram,rams
raptor,rapture
rat,rate
rat,rates
rat,rats
rattlesnake,rattelsnake
rattlesnake,rattler
rattlesnake,rattlesnack
rattlesnake,rattlesnakes
ray,rayh
reddrum,redfish
redkangaroo,ulturedinokngaoo
redpanda,redpand
redpanda,redpandabear
redpanda,redpandas
redtailedhawk,redtailhawk
reindeer,raindeer
reindeer,reighdeer
reindeer,reinddr
reindeer,reindear
reindeer,reinder
reptile,repilte
reptile,reptiles
rhesusmacaque,rhesus
rhesusmacaque,rhesusmonkey
rhesusmacaque,rhesusmonkeys
rhinoceros,rgino
rhinoceros,rhhino
rhinoceros,rhincoceros
rhinoceros,rhineroceros
rhinoceros,rhini
rhinoceros,rhino
rhinoceros,rhinoccerous
rhinoceros,rhinoceras
rhinoceros,rhinoceroos
rhinoceros,rhinoceroses
rhinoceros,rhinocerous
rhinoceros,rhinocerros
rhinoceros,rhinocerus
rhinoceros,rhinocoraus
rhinoceros,rhinos
rhinoceros,rhinosarous
rhinoceros,rhinosarus
rhinoceros,rhinosaurs
rhinoceros,rhinosaurus
rhinoceros,rhinoscoeros
rhinoceros,rhinosoraus
rhinoceros,rhio
rhinoceros,rhionceros
rhinoceros,rinho
rhinoceros,rino
rhinoceros,rinoceraus
rhinoceros,rinoceros
rhinoceros,rinocerous
rhinoceros,whinoceros
robin,rabin
robin,redbreast
robin,redrobin
robin,robins
rockhead,rockheadfish
rodent,rldent
roly-poly,roly-poly
roly-poly,rolypoly
rooster,roosters
russianblue,bluerussian
sabertoothedtiger,sabert
sabertoothedtiger,sabertoothtiger
saintbernard,saintbernards
saintbernard,saintbernrd
salamander,chalemander
salamander,salamandar
salamander,salamandars
salamander,salamandereft
salamander,salamanders
salamander,salimander
salamander,salmadar
salamander,salmandar
salamander,salmandars
salamander,salmander
salamander,slamander
salmon,salmons
salmon,salom
salmon,salomon
salmon,salomons
salmon,slamon
scallop,scallopp
scallop,scallops
scorpion,scoprion
scorpion,scorpian
scorpion,scorpin
scorpion,scorpions
scottishshetland,shelties
seagull,seagaul
seagull,seagual
seagull,seagul
seagull,seagulls
seagull,segul
seagull,segull
seahorse,horsefish
seahorse,seahorses
seahorse,seahoses
seahorse,seahouse
seahorse,seashorse
seahorse,seehorse
seahorse,seehorses
seal,seagal
seal,seals
seal,seel
seal,segal
seal,sesal
seal,teal
sealion,sealioins
sealion,sealions
seaotter,seaoter
seaslug,seaslugs
seaturtle,seatturle
seaturtle,seatturles
seaturtle,seaturtles
seaurchin,seaurchins
seaurchin,seaurchon
seaurchin,seaurchons
shark,shank
shark,share
shark,sharkl
shark,sharkls
shark,sharks
shark,sharl
shark,sharls
shark,shrak
shark,shrk
shark,shsrk
sheep,cheep
sheep,dheep
sheep,hseep
sheep,lamb
sheep,lamp
sheep,lanm
sheep,she
sheep,shee
sheep,sheelp
sheep,sheeo
sheep,sheepo
sheep,sheepp
sheep,shep
sheep,sjeep
shellfish,shellfishes
shetlandsheepdog,sheltie
shihtzu,shihtzus
shihtzu,shitzu
shrew,etruscanshrew
shrew,shrews
shrimp,schimp
shrimp,shrinp
shrimp,shromp
shrimp,sphrimp
siamesecat,siamese
siberianbluerobin,bluerobin
sidewinder,mojavesidewinder
skink,skynk
skunk,dkunk
skunk,shunk
skunk,sjunk
skunk,skink
skunk,skunj
skunk,skunkc
skunk,skunks
skunk,slunk
sloth,sloath
sloth,slooth
sloth,sloths
sloth,slothss
sloth,slotth
sloth,threetoedsloth
sloth,treesloth
slug,sluh
smallmouthbass,smallmouthbasses
snail,smnil
snail,snails
snail,snal
snail,snale
snake,sake
snake,sbake
snake,shake
snake,smake
snake,snack
snake,snak
snake,snakes
snake,snakk
snake,sneak
snake,snek
snowcrab,opelio
snowy owl,snow owl
snowyowl,snowowl
sparrow,brewstersparrow
sparrow,brewsterssparrow
sparrow,sparow
sparrow,sparrows
sparrow,sparrw
sparrow,spartow
spermwhale,spermwhales
spider,pider
spider,s[ider
spider,sider
spider,spide
spider,spiders
spider,spuder
spider,spyder
spidermonkey,spidermoney
spinydogfish,mudshark
springpeeper,peeper
squid,quid
squid,sqid
squid,squad
squirrel,quirrel
squirrel,sqirrel
squirrel,squarl
squirrel,squerill
squirrel,squerral
squirrel,squierrle
squirrel,squiral
squirrel,squireel
squirrel,squirel
squirrel,squirell
squirrel,squirels
squirrel,squirelss
squirrel,squirl
squirrel,squirle
squirrel,squirls
squirrel,squirral
squirrel,squirre
squirrel,squirreel
squirrel,squirrek
squirrel,squirrell
squirrel,squirrels
squirrel,squirrl
squirrel,squirrls
squirrel,swuirrel
stallion,stallikon
star-nosedmole,star-nosedmole
star-nosedmole,starnosedmole
starfish,seastar
starfish,star
starfish,starfiah
starling,sterling
steer,steed
stickinsect,walkinggstick
stingray,searay
stingray,stingaray
stingray,stingrang
stingray,stingrangs
stingray,stingrays
stingray,stringray
stoat,stote
stork,storks
sturgeon,sturgin
sugarglider,sugargliders
sunbear,sunpanda
surgeonfish,surgeonfishes
surgeonfish,surgeonfishs
swallow,swallows
swan,swam
swan,swans
swordfish,swardfish
swordfish,swordfishes
tadpole,tadpoles
tamarin,cottontoptamaran
tammarwallaby,tamar
tapir,taper
tapir,tapi
tapir,tapier
tapir,tapirs
tarantula,taranchula
tarantula,tarantual
tarantula,tarantulas
tarantula,tarrantula
tarantula,torantula
tarantula,turantula
tarsier,tarseir
tasmaniandevil,tamaniandevil
tasmaniandevil,tasmaniandevils
tasmaniandevil,tazmaniadevil
tasmaniandevil,tazmaniadevils
tasmaniandevil,tazmaniandevil
termite,termites
terrapin,terapin
terrapin,terripin
tick,tic
tick,ticks
tiger,riger
tiger,tger
tiger,tier
tiger,tige
tiger,tiger.
tiger,tigere
tiger,tigers
tiger,tiget
tiger,tigger
tiger,tigher
tiger,tinger
tigershark,tigersharks
toad,taod
toad,toadd
toad,toads
tortoise,galapagostortoise
tortoise,tortes
tortoise,tortiose
tortoise,tortise
tortoise,tortois
tortoise,tortoises
toucan,tocan
toucan,tocans
toucan,toocan
toucan,toucans
toucan,tucan
toucan,tucane
triceratops,tricerotops
tuna,kingtuna
tuna,tunafish
tuna,tune
tuna,turn
turkey,tikey
turkey,trukey
turkey,tukey
turkey,turke
turkey,turkeys
turkey,turley
turtle,tuetle
turtle,turle
turtle,turlte
turtle,turtel
turtle,turtl
turtle,turtles
turtle,tutle
turtle,tutles
turtle,tutrle
tyrannosaurusrex,t_rex
tyrannosaurusrex,trex
tyrannosaurusrex,tryranosaurusrex
tyrannosaurusrex,tyrannasaurusrex
tyrannosaurusrex,tyranosaurus
velociraptor,veliciraptor
viper,vipers
vole,woles
vulture,bultur
vulture,voluture
vulture,vulcher
vulture,vultures
wallaby,walabee
wallaby,walabi
wallaby,walaby
wallaby,walabys
wallaby,wallabe
wallaby,wallabee
wallaby,wallabees
wallaby,walloby
wallaby,walobe
wallaby,whallabee
walleye,walleyes
walrus,masealwalrus
walrus,wallrun
walrus,wallrus
walrus,walres
walrus,walris
walrus,walru
walrus,walrum
walrus,walrun
walrus,walruns
walrus,walruses
walrus,walurs
warthog,warhog
warthog,worthog
wasp,wasps
wasp,wast
watermoccasin,watermocassin
weasel,measel
weasel,wasel
weasel,weasal
weasel,weasle
weasel,weesle
weasel,weezle
weasel,weisel
weevil,weavels
weevil,weevils
whale,shale
whale,wale
whale,wales
whale,weal
whale,whae
whale,whale3
whale,whales
whale,whate
whale,whates
whale,whatle
whale,whiale
whale,whlale
whale,whole
whaleshark,whalesharks
whitetaileddeer,whitetaildeer
whitewolf,arcticwolf
wildcat,wildcats
wildebeest,widebeest
wildebeest,wildabeast
wildebeest,wildabeasts
wildebeest,wildabeest
wildebeest,wildbeast
wildebeest,wildbeasts
wildebeest,wildbeest
wildebeest,wildebeast
wildebeest,wildebeasts
wildebeest,wilderbeast
wildebeest,wilderbeasts
wildebeest,wilderbeat
wildebeest,wildybeast
wildebeest,wldebeest
wolf,wof
wolf,wol
wolf,wold
wolf,wolfe
wolf,wolk
wolf,wolve
wolf,wolves
wolverine,wolverines
wombat,wambat
wombat,wambats
wombat,wombats
woodpecker,woodpeckers
woolly mammoth,woolymamoth
woollymammoth,mammoth
woollymammoth,mammoths
woollymammoth,mamoth
woollymammoth,whollymammoth
woollymammoth,wollymammoth
woollymammoth,woolymamoth
worm,woem
worm,woorm
worm,wor
worm,work
worm,worms
worm,worn
worm,worwm
worm,wrm
wren,ren
wren,wrens
yak,yack
yak,yaks
yorkshireterrier,yorkie
yorkshireterrier,yorkies
yorkshireterrier,yorkshireterier
yorkshireterrier,yorkshireterriers
zebra,sebra
zebra,xebra
zebra,zabra
zebra,zeba
zebra,zebras
zebra,zebrra
zebra,zebrs
zebra,zebrz
zebra,zeebra
zebra,zeebrah
zebra,zeebras
zebra,zembra
zebra,zenbra
zebra,zerba
zebra,zerbas
zebra,zibra
zebra,zzebra
zebra,zzebras
zebrafish,zebrafigh
zebrafish,zebrafishes
